player,60
-rrb-,34
quality,26
-lrb-,21
feature,19
battery,14
time,13
one,13
sound,12
look,12
headphone,12
thing,11
product,11
firmware,11
review,10
price,10
file,10
device,10
button,10
jack,9
cable,9
light,8
life,8
system,7
people,7
mini,7
issue,7
design,7
bag,7
song,6
problem,6
eye,6
drive,6
computer,6
color,6
year,5
wheel,5
space,5
software,5
plus,5
company,5
choice,5
case,5
card,5
warranty,4
version,4
tuner,4
something,4
service,4
reviewer,4
micro,4
hand,4
exercise,4
disk,4
day,4
cord,4
alternative,4
-rsb-,4
world,3
work,3
user,3
station,3
size,3
signal,3
research,3
reception,3
rate,3
radio,3
purchase,3
pro,3
play,3
owner,3
music,3
hour,3
gb,3
function,3
format,3
factor,3
experience,3
counter,3
complaint,3
zen,2
website,2
way,2
value,2
upgrade,2
unarguably,2
trip,2
trial,2
touchpad,2
throbbing,2
theft,2
store,2
start,2
star,2
stand,2
site,2
set,2
release,2
relation,2
receiver,2
reason,2
piece,2
person,2
performance,2
pc,2
page,2
pad,2
option,2
news,2
modulator,2
mistake,2
minus,2
lock,2
load,2
list,2
level,2
ipod,2
interface,2
info,2
ie,2
icing,2
havent,2
friend,2
forum,2
feel,2
expert,2
earbud,2
drawback,2
dont,2
didnt,2
detail,2
desk,2
designer,2
delay,2
deal,2
control,2
compare,2
collection,2
coating,2
capacity,2
bud,2
buck,2
box,2
bonus,2
base,2
back,2
accessory,2
UI,2
LCD,2
5gb,2
#It,2
#,2
word,1
wife,1
waste,1
update,1
unit,1
testing,1
test,1
tag,1
sync,1
surface,1
support,1
supply,1
suck,1
strip,1
spokesperson,1
spin,1
sony,1
sofware,1
seeem,1
seconds,1
second,1
run,1
rubber,1
rock,1
roadtrip,1
retailer,1
resul,1
restraint,1
recorder,1
program,1
post,1
polyester,1
point,1
plug,1
photo,1
phone,1
phase,1
pause,1
panel,1
pack,1
number,1
note,1
nit,1
muvo2,1
mp3,1
month,1
microdrive,1
luck,1
lover,1
life-span,1
karma,1
job,1
instinct,1
hit,1
guy,1
guide,1
gripe,1
glow,1
glance,1
gig,1
game,1
following,1
follower,1
folder/envelope,1
flash,1
finger,1
favorite,1
everyone,1
engineer,1
download,1
doesnt,1
difference,1
devise,1
datum,1
cycle,1
craze,1
container,1
concept,1
close,1
clip,1
clarity,1
charger,1
cd,1
buy,1
bundle,1
branding,1
boy,1
board,1
blocker,1
blend,1
becouse,1
bar,1
bang,1
backlight,1
audio,1
array,1
anything,1
ambience,1
album,1
Player,1
Napster,1
MP3,1
LP,1
Ipod,1
I,1
2.0,1
1.0,1
#to,1
#the,1
#that,1
